Title, Image, Link, Price, Reviews, Stars
"WOPITUES Wood Floating Shelves Set of 6 for Wall Decor, Farmhouse Floating Shelves for Bedroom, Bathroom for Wall Storage, Book Shelves for Living Room-Rustic Brown","https://m.media-amazon.com/images/I/71G7N2u54uL._AC_UL320_.jpg","https://amazon.com/WOPITUES-Floating-Farmhouse-Bathroom-Room-Rustic/dp/B0C4T4BVT3/ref=sr_1_1?crid=36QNR0DBY6M7J&keywords=shelves&qid=1699938262&refresh=1&sprefix=s%2Caps%2C309&sr=8-1","$22.99$3.83","876","4.4 out of 5 stars"
"Amazon Basics 4-Shelf Adjustable, Heavy Duty Storage Shelving Unit (350 lbs loading capacity per shelf), Steel Organizer Wire Rack, Black, 36" L x 14" W x 54" H","https://m.media-amazon.com/images/I/71fiSbrRqYL._AC_UL320_.jpg","https://amazon.com/Amazon-Basics-Adjustable-Shelving-Organizer/dp/B01LYBQXRH/ref=sr_1_2?crid=36QNR0DBY6M7J&keywords=shelves&qid=1699938262&refresh=1&sprefix=s%2Caps%2C309&sr=8-2","$69.99","219,012","4.6 out of 5 stars"
"Floating Shelves Set of 6, Black Wall Shelves with Lip, Display Shelves for Wall Decor, Modern Picture Ledge for Living Room, Bedroom, Nursery, Bathroom, Pictures, Books, Plants- Black","https://m.media-amazon.com/images/I/61iMJguw5qL._AC_UL320_.jpg","https://amazon.com/DOLLFIO-Floating-Shelves-Bathroom-Pictures/dp/B0CCTTD1YF/ref=sr_1_3?crid=36QNR0DBY6M7J&keywords=shelves&qid=1699938262&refresh=1&sprefix=s%2Caps%2C309&sr=8-3","$18.89$3.15$20.99","75","4.5 out of 5 stars"
"BAYKA Wall Shelves for Bedroom Decor, Floating Shelves for Wall Storage, Wall Mounted Rustic Wood Floating Shelf for Books,Plants,Small Wall Shelf for Bathroom,Kitchen,Living Room(Black，Set of 3)","https://m.media-amazon.com/images/I/71gIgu4DJrL._AC_UL320_.jpg","https://amazon.com/BAYKA-Floating-Shelves-Mounted-Bathroom/dp/B08J6NQMQ5/ref=sr_1_4?crid=36QNR0DBY6M7J&keywords=shelves&qid=1699938262&refresh=1&sprefix=s%2Caps%2C309&sr=8-4","$15.29$29.98","8,509","4.6 out of 5 stars"
"Furinno (99557BK/GY) Turn-N-Tube 4-Tier Multipurpose Shelf Display Rack - Black/Grey","https://m.media-amazon.com/images/I/610nyBsduOL._AC_UL320_.jpg","https://amazon.com/Furinno-99557BK-GY-Turn-N-Tube-Multipurpose/dp/B007KLYD46/ref=sr_1_5?crid=36QNR0DBY6M7J&keywords=shelves&qid=1699938262&refresh=1&sprefix=s%2Caps%2C309&sr=8-5","$26.17$27.83","48,180","4.4 out of 5 stars"
"Floating Shelves, 3 Sets Wall Shelves, Wooden Floating Shelves for Wall Décor, Wall Mounted Floating Bathroom Shelf for Storage, Floating Book Shelf for Bedroom, Living Room – Rustic Brown","https://m.media-amazon.com/images/I/71WT6lC7DeL._AC_UL320_.jpg","https://amazon.com/DOLLFIO-Floating-Shelves-Mounted-Bathroom/dp/B0CD1X9B1J/ref=sr_1_6?crid=36QNR0DBY6M7J&keywords=shelves&qid=1699938262&refresh=1&sprefix=s%2Caps%2C309&sr=8-6","$14.99$5.00","134","4.5 out of 5 stars"
"Garage Shelving,72" Garage Storage Shelves Heavy Duty Garage Shelf,Adjustable Metal Shelf Storage Units,Heavy Duty Shelves for Storage,Metal Shelves Rack Warehouse Industrial Storage72*15.8*35.5","https://m.media-amazon.com/images/I/61FR0jUBePL._AC_UL320_.jpg","https://amazon.com/Shelving-Storage-Adjustable-Warehouse-Industrial/dp/B0B7KTX5LC/ref=sr_1_7?crid=36QNR0DBY6M7J&keywords=shelves&qid=1699938262&refresh=1&sprefix=s%2Caps%2C309&sr=8-7","","213","4.3 out of 5 stars"
"SINGAYE 5 Tier Adjustable Storage Shelf Metal Storage Rack Wire Shelving Unit Storage Shelves,200 Pounds Loading Capacity per Shelf,24" W x 14" D x 60" H for Pantry Closet Kitchen Laundry Silver","https://m.media-amazon.com/images/I/61vqnW4PzQS._AC_UL320_.jpg","https://amazon.com/SINGAYE-Storage-Shelving-Shelves-Kitchen/dp/B07B656H5P/ref=sr_1_8?crid=36QNR0DBY6M7J&keywords=shelves&qid=1699938262&refresh=1&sprefix=s%2Caps%2C309&sr=8-8","$62.59$78.29","14,005","4.4 out of 5 stars"
"Floating Shelves Set of 8, Rustic Hanging Wood Shelves for Wall Decor, Wall Mounted Shelves for Storage Bedroom, Bathroom, Living Room - Carbonized Black","https://m.media-amazon.com/images/I/71NNyhpPwuL._AC_UL320_.jpg","https://amazon.com/Boswillon-Floating-Shelves-Mounted-Bathroom/dp/B0BZRX5QVF/ref=sr_1_9?crid=36QNR0DBY6M7J&keywords=shelves&qid=1699938262&refresh=1&sprefix=s%2Caps%2C309&sr=8-9","$25.99$3.25","224","4.4 out of 5 stars"
"Soaoo 12 Pack Wood Floating Shelves Set Wood Floating Shelf for Wall Rustic Wall Shelves Wood Bookshelf Farmhouse Wall Mounted Shelves for Book, Bedroom, Living Room, Kitchen and Bathroom","https://m.media-amazon.com/images/I/71+RvBZZ3WL._AC_UL320_.jpg","https://amazon.com/Soaoo-Floating-Bookshelf-Farmhouse-Bathroom/dp/B0CBP4MTBQ/ref=sr_1_10?crid=36QNR0DBY6M7J&keywords=shelves&qid=1699938262&refresh=1&sprefix=s%2Caps%2C309&sr=8-10","$25.49$46.99"
"upsimples Floating Shelves for Wall Decor Storage, Dark Brown Wall Mounted Shelves Set of 5, Sturdy Small Wood Shelves Hanging for Bedroom, Living Room, Bathroom, Kitchen, Corner, Book","https://m.media-amazon.com/images/I/71dh0MG5W0L._AC_UL320_.jpg","https://amazon.com/upsimples-Floating-Shelves-Brackets-Bathroom/dp/B0BX59CFN1/ref=sr_1_11?crid=36QNR0DBY6M7J&keywords=shelves&qid=1699938262&refresh=1&sprefix=s%2Caps%2C309&sr=8-11","$21.99","554","4.7 out of 5 stars"
"Mavivegue Bookshelf,18 Cube Storage Organizer,Extra Large Book Shelf Organizer,Tall Bookcase Shelf,Book Cases/Shelves,Black Cube Shelf,Cubbies Closet Shelves for Bedroom,Living Room,Home,Office","https://m.media-amazon.com/images/I/71npdiZfFEL._AC_UL320_.jpg","https://amazon.com/Mavivegue-Bookshelf-Storage-Organizer-Bookcase/dp/B0BXXKJMZ7/ref=sr_1_12?crid=36QNR0DBY6M7J&keywords=shelves&qid=1699938262&refresh=1&sprefix=s%2Caps%2C309&sr=8-12","$43.99","489","4.0 out of 5 stars"
"upsimples Clear Acrylic Shelves for Wall Storage, 15" Floating Shelves Wall Mounted, Kids Bookshelf, Display Ledge for Bedroom, Living Room, Bathroom, Kitchen, Set of 6","https://m.media-amazon.com/images/I/61lbK-yoqXL._AC_UL320_.jpg","https://amazon.com/upsimples-Acrylic-Floating-Bookshelf-Bathroom/dp/B0BBFXCWFJ/ref=sr_1_13?crid=36QNR0DBY6M7J&keywords=shelves&qid=1699938262&refresh=1&sprefix=s%2Caps%2C309&sr=8-13","$20.99$26.99","2,698","4.7 out of 5 stars"
"Furologee 59" Tall Bookcase Storage Shelf 4-Tier, Industrial Bookshelf Rack with 3 Fabric Storage Drawers, Wood Top for Photos Books, Display in Bedroom,Living Room, Office, Kitchen","https://m.media-amazon.com/images/I/71Rkl1OWOSL._AC_UL320_.jpg","https://amazon.com/Furologee-Storage-Bookshelf-Organizer-Decorations/dp/B08TBRC485/ref=sr_1_14?crid=36QNR0DBY6M7J&keywords=shelves&qid=1699938262&refresh=1&sprefix=s%2Caps%2C309&sr=8-14","$89.99$119.99","1,809","4.2 out of 5 stars"
"Furinno Turn-N-Tube 5 Tier Corner Display Rack Multipurpose Shelving Unit, 1-Pack, Espresso/Black","https://m.media-amazon.com/images/I/61t6G1jMD+L._AC_UL320_.jpg","https://amazon.com/Furinno-99811EX-BK-Turn-N-Tube-Espresso/dp/B003VP5TPW/ref=sr_1_15?crid=36QNR0DBY6M7J&keywords=shelves&qid=1699938262&refresh=1&sprefix=s%2Caps%2C309&sr=8-15","$20.23","67,084","4.5 out of 5 stars"
"Fixwal Corner Floating Shelves, Wall Mounted Corner Shelf Set of 5, Rustic Wood Wall Shelves for Bathroom, Kitchen, Bedroom or Living Room (Carbonized Black)","https://m.media-amazon.com/images/I/81xE8s6lGhL._AC_UL320_.jpg","https://amazon.com/Fixwal-Corner-Floating-Bathroom-Carbonized/dp/B0BPNGMD5T/ref=sr_1_16?crid=36QNR0DBY6M7J&keywords=shelves&qid=1699938262&refresh=1&sprefix=s%2Caps%2C309&sr=8-16","$32.99","485","4.4 out of 5 stars"
"Shelf 5 Wier Metal Storage Rack Shelving Unit Organizer for Kitchen Laundry Garage Bathroom Pantry Closet Office(16.54" Wx11.81 Dx50 H,Black)","https://m.media-amazon.com/images/I/6183zIoj8gL._AC_UL320_.jpg","https://amazon.com/SORCEDAS-Storage-Shelving-Organizer-Bathroom/dp/B0B814ZQDX/ref=sr_1_17?crid=36QNR0DBY6M7J&keywords=shelves&qid=1699938262&refresh=1&sprefix=s%2Caps%2C309&sr=8-17","$30.99$32.99","673","3.7 out of 5 stars"
"5-Tier Corner Shelf Stand, Corner Square Rack Display Shelf, Tall Storage Rack Plant Stand, Corner Bookcase for Small Spaces, Living Room, Home Office, Kitchen, Rustic Brown and Black BF50CJ01","https://m.media-amazon.com/images/I/61VMjilMITL._AC_UL320_.jpg","https://amazon.com/HOOBRO-Display-Storage-Bookcase-BF50CJ01/dp/B0BQ3CHFTP/ref=sr_1_18?crid=36QNR0DBY6M7J&keywords=shelves&qid=1699938262&refresh=1&sprefix=s%2Caps%2C309&sr=8-18","$39.99$49.99","139","4.6 out of 5 stars"
"Mavivegue Book Shelf, 12 Cube Storage Organizer, DIY Bookcase, Metal Bookshelf,Tall Book case for Bedroom, Living Room,Office,Closet , Black Cubicle Rack","https://m.media-amazon.com/images/I/81p3UUXb9pL._AC_UL320_.jpg","https://amazon.com/Mavivegue-Storage-Organizer-Bookcase-Bookshelf/dp/B0BXXK6JF5/ref=sr_1_19?crid=36QNR0DBY6M7J&keywords=shelves&qid=1699938262&refresh=1&sprefix=s%2Caps%2C309&sr=8-19","$39.99","577","4.1 out of 5 stars"
"Honey-Can-Do SHF-01908 Adjustable Storage Shelving Unit, 250-Pounds Per Shelf, Black, 4-Tier, 36Lx14Wx54H","https://m.media-amazon.com/images/I/81jyROXJCIL._AC_UL320_.jpg","https://amazon.com/Honey-Can-Do-SHF-01908-Adjustable-250-Pounds-36Lx14Wx54H/dp/B005FW1X04/ref=sr_1_20?crid=36QNR0DBY6M7J&keywords=shelves&qid=1699938262&refresh=1&sprefix=s%2Caps%2C309&sr=8-20","","16,490","4.6 out of 5 stars"
"SINGAYE 4 Tier Shelf Adjustable Storage Shelf Wire Shelving,350LBS Load Capacity,Metal Storage Rack for Kitchen Office Home Storage Pantry Room,Silver,17.32" W X 11.41”D X43.3” H","https://m.media-amazon.com/images/I/61AqNoFGfhL._AC_UL320_.jpg","https://amazon.com/SINGAYE-Shelf-Shelving-Adjustable-Storage/dp/B07WYJW6G6/ref=sr_1_21?crid=36QNR0DBY6M7J&keywords=shelves&qid=1699938262&refresh=1&sprefix=s%2Caps%2C309&sr=8-21","$42.99$54.99","1,357","4.0 out of 5 stars"
"Fixwal Floating Wall Shelves, Set of 10, Rustic Wood Wall Decor, Farmhouse Wall Mounted Shelves for Bedroom, Living Room, Kitchen and Bathroom (Carbonized Black)","https://m.media-amazon.com/images/I/61XXfjPjXFL._AC_UL320_.jpg","https://amazon.com/Fixwal-Floating-Shelves-Farmhouse-Carbonized/dp/B0BQ3334XW/ref=sr_1_22?crid=36QNR0DBY6M7J&keywords=shelves&qid=1699938262&refresh=1&sprefix=s%2Caps%2C309&sr=8-22","$36.99$40.99","326","4.6 out of 5 stars"
"BAYKA Floating Shelves,Wall Mounted Rustic Wood Shelves for Bathroom,Bedroom,Living Room,Kitchen,Small Hanging Shelf for Books/Storage/Room Decor with 22lbs Capacity(Rustic Brown,Set of 3,16inch)","https://m.media-amazon.com/images/I/817QwOPGISL._AC_UL320_.jpg","https://amazon.com/BAYKA-Floating-Shelves-Bathroom-Capacity/dp/B0BQHX77TC/ref=sr_1_23?crid=36QNR0DBY6M7J&keywords=shelves&qid=1699938262&refresh=1&sprefix=s%2Caps%2C309&sr=8-23","$39.99$13.33$49.98","673","4.3 out of 5 stars"
"RICHER HOUSE Rustic Wood Shelves Set of 5, Farmhouse Style Floating Shelf for Wall Décor, Hanging Shelves forBathroom, Bedroom, Storage, Kitchen, Living Room - Carbonized Black","https://m.media-amazon.com/images/I/61W4PKrv02L._AC_UL320_.jpg","https://amazon.com/RICHER-HOUSE-Floating-Bathroom-Farmhouse/dp/B0B96K5P3L/ref=sr_1_24?crid=36QNR0DBY6M7J&keywords=shelves&qid=1699938262&refresh=1&sprefix=s%2Caps%2C309&sr=8-24","$19.99","1,725","4.4 out of 5 stars"
"4-Shelf Adjustable Heavy Duty Storage Shelving Unit, Metal Organizer Wire Rack for Laundry Bathroom Kitchen Pantry Closet, Black","https://m.media-amazon.com/images/I/61F1z1NpuOL._AC_UL320_.jpg","https://amazon.com/4-Shelf-Adjustable-Shelving-Organizer-Bathroom/dp/B0BV1M5NJ4/ref=sr_1_25?crid=36QNR0DBY6M7J&keywords=shelves&qid=1699938262&refresh=1&sprefix=s%2Caps%2C309&sr=8-25","$55.99$59.99","231","4.5 out of 5 stars"
"IRIS USA 4-Tier Shelving Unit, Black","https://m.media-amazon.com/images/I/71m52B-73OL._AC_UL320_.jpg","https://amazon.com/IRIS-USA-Shelving-Organizer-Materials/dp/B0BNM2JLND/ref=sr_1_26?crid=36QNR0DBY6M7J&keywords=shelves&qid=1699938262&refresh=1&sprefix=s%2Caps%2C309&sr=8-26","$32.99","1,084","4.6 out of 5 stars"
"10 Tiers Tall Shoe Rack for Closet Entryway 20-25 Pairs Shoe Closet Organizers and Storage Free Standing Shoe Shelf Shoe Storage with Hooks","https://m.media-amazon.com/images/I/61eBolrFLcL._AC_UL320_.jpg","https://amazon.com/WOKKOW-Entryway-Organizers-Storage-Standing/dp/B0C48LGRQR/ref=sr_1_27?crid=36QNR0DBY6M7J&keywords=shelves&qid=1699938262&refresh=1&sprefix=s%2Caps%2C309&sr=8-27","$22.99$32.99","263","4.6 out of 5 stars"
"EACHPAI Floating Corner Shelves for Wall Décor Storage, Wall Shelves Set of 4, Wall Mounted Wood Shelves for Home Decor, Bedroom, Living Room, Bathroom, Kitchen, Office (Black)…","https://m.media-amazon.com/images/I/71O0kLHk9EL._AC_UL320_.jpg","https://amazon.com/EACHPAI-Floating-Shelves-Storage-Bathroom/dp/B0BCJSX64V/ref=sr_1_28?crid=36QNR0DBY6M7J&keywords=shelves&qid=1699938262&refresh=1&sprefix=s%2Caps%2C309&sr=8-28","$38.99$9.75$59.99","6,328","4.4 out of 5 stars"
"BAYKA Floating Shelves, Wall Mounted Rustic Wood Shelves for Bathroom, Bedroom, Living Room, Kitchen, Office, 23" Hanging Shelf for Books/Storage/Room Decor with 22lbs Capacity (Black, Set of 2)","https://m.media-amazon.com/images/I/71P3uXpVzpL._AC_UL320_.jpg","https://amazon.com/BAYKA-Floating-Shelves-Bathroom-Capacity/dp/B0BZH6YNJJ/ref=sr_1_29?crid=36QNR0DBY6M7J&keywords=shelves&qid=1699938262&refresh=1&sprefix=s%2Caps%2C309&sr=8-29","$39.98$19.99$49.99","191","4.4 out of 5 stars"
"upsimples Bathroom Floating Shelves Wall Mounted Shelving with Removable Towel Bar, Wall Decor and Organizer for Bathroom, Bedroom, Living Room, Kitchen, Dark Brown,Set of 3","https://m.media-amazon.com/images/I/71tKtlcw5EL._AC_UL320_.jpg","https://amazon.com/upsimples-Floating-Shelves-Bathroom-Removable/dp/B0B31R4TXM/ref=sr_1_30?crid=36QNR0DBY6M7J&keywords=shelves&qid=1699938262&refresh=1&sprefix=s%2Caps%2C309&sr=8-30","$19.99$29.99","301","4.6 out of 5 stars"
"Riipoo Storage Cube Shelves, 4-Cube Organizer Shelf for Bedroom Closet, 5-Layer Small Bookshelf, Bookcase Unit for Small Spaces","https://m.media-amazon.com/images/I/919qOYAOCCL._AC_UL320_.jpg","https://amazon.com/RIIPOO-Storage-Organizer-Bookshelf-Bookcase/dp/B0BDCTVV4Z/ref=sr_1_31?crid=36QNR0DBY6M7J&keywords=shelves&qid=1699938262&refresh=1&sprefix=s%2Caps%2C309&sr=8-31","$19.69","432","3.7 out of 5 stars"
"HOMEDANT 5 Tier Laminated Metal Shelving Unit Adjustable Garage Storage Utility Rack Heavy Duty Shelves Organization Shelf Warehouse Basement Pantry Shed 35.9" W x 16.2" D x 71.3" H 1Pack","https://m.media-amazon.com/images/I/71UcpdlnokL._AC_UL320_.jpg","https://amazon.com/HOMEDANT-Adjustable-Organization-Multipurpose-Warehouse/dp/B08R8GF1XR/ref=sr_1_32?crid=36QNR0DBY6M7J&keywords=shelves&qid=1699938262&refresh=1&sprefix=s%2Caps%2C309&sr=8-32","$119.99$140.99","1,114","4.6 out of 5 stars"
"VEVOR Storage Shelving Unit, 5-Tier Adjustable, 2000 lbs Capacity, Heavy Duty Garage Shelves Metal Organizer Utility Rack, Black, 48" L x 18" W x 72" H for Kitchen Pantry Basement Bathroom Laundry","https://m.media-amazon.com/images/I/61fAxl6+cPL._AC_UL320_.jpg","https://amazon.com/VEVOR-Shelving-Adjustable-Capacity-Organizer/dp/B0CC2D6VXB/ref=sr_1_33?crid=36QNR0DBY6M7J&keywords=shelves&qid=1699938262&refresh=1&sprefix=s%2Caps%2C309&sr=8-33","","33","4.0 out of 5 stars"
"RICHER HOUSE 5 Set Floating Wall Mounted Shelves, Black Shelves for Wall Decor, Modern Picture Ledge Shelf with Lip for Storage, Nursery, Bedroom, Living Room, Bathroom - Black","https://m.media-amazon.com/images/I/71eipBWsJvL._AC_UL320_.jpg","https://amazon.com/RICHER-HOUSE-Floating-Mounted-Bathroom/dp/B0BJZP3LH4/ref=sr_1_34?crid=36QNR0DBY6M7J&keywords=shelves&qid=1699938262&refresh=1&sprefix=s%2Caps%2C309&sr=8-34","$23.99$4.80$39.99","837","4.6 out of 5 stars"
"SINGAYE 3 Shelf Wire Shelving Unit Adjustable Storage Shelving 21.26”W x 11.41”D x 22.83”H (Black)","https://m.media-amazon.com/images/I/71nfn1L-ADL._AC_UL320_.jpg","https://amazon.com/SINGAYE-Shelf-Shelving-Adjustable-Storage/dp/B07VHP4HDK/ref=sr_1_35?crid=36QNR0DBY6M7J&keywords=shelves&qid=1699938262&refresh=1&sprefix=s%2Caps%2C309&sr=8-35","$39.99$54.99","1,275","4.1 out of 5 stars"
"DINZI LVJ Long Wall Shelves, 31.5 Inch Wall Mounted Shelves Set of 2, Easy-to-Install, Wall Storage Ledges with Sturdy Metal Brackets for Living Room, Bathroom, Bedroom, Kitchen, Rustic Brown","https://m.media-amazon.com/images/I/6134nfvEUqL._AC_UL320_.jpg","https://amazon.com/DINZI-LVJ-Install-Brackets-Bathroom/dp/B091ZD7C6N/ref=sr_1_36?crid=36QNR0DBY6M7J&keywords=shelves&qid=1699938262&refresh=1&sprefix=s%2Caps%2C309&sr=8-36","$34.99$37.99","355","4.6 out of 5 stars"
"5-Tier Storage Shelves Wire Shelving Unit Adjustable Metal Shelf Organizer Unit for Kitchen Laundry Garage (Black)","https://m.media-amazon.com/images/I/71alje57KHL._AC_UL320_.jpg","https://amazon.com/Txxplv-Storage-Shelving-Adjustable-Organizer/dp/B0BXGTHRPN/ref=sr_1_37?crid=36QNR0DBY6M7J&keywords=shelves&qid=1699938262&refresh=1&sprefix=s%2Caps%2C309&sr=8-37","$56.99","447","4.3 out of 5 stars"
"Fixwal 4+1 Tier Floating Shelves, Rustic Wood Wall Shelf, Bathroom Shelves Over Toilet with Wire Storage Basket, Farmhouse Wall Decor for Bedroom, Kitchen, Living Room and Plants (Rustic Brown)","https://m.media-amazon.com/images/I/71hcMG657rL._AC_UL320_.jpg","https://amazon.com/Fixwal-Floating-Shelves-Bathroom-Farmhouse/dp/B0BPS8KXJY/ref=sr_1_38?crid=36QNR0DBY6M7J&keywords=shelves&qid=1699938262&refresh=1&sprefix=s%2Caps%2C309&sr=8-38","$26.99","827","4.5 out of 5 stars"
"QEEIG Floating Shelves for Wall Bathroom Shelf Bedroom Kitchen Farmhouse Small Book Shelf 16 inch Set of 3, Rustic Brown (015-BN3)","https://m.media-amazon.com/images/I/71oWgdKPvbL._AC_UL320_.jpg","https://amazon.com/QEEIG-Floating-Shelves-Bathroom-Farmhouse/dp/B09T66W5D1/ref=sr_1_39?crid=36QNR0DBY6M7J&keywords=shelves&qid=1699938262&refresh=1&sprefix=s%2Caps%2C309&sr=8-39","$29.82$9.94$39.81","555","4.6 out of 5 stars"
"YOHKOH 6 Wire Shelving Steel Storage Rack Adjustable Unit Shelves for Laundry Bathroom Kitchen Pantry Closet 16.7" Width x 62" Height x 11.7" Depth, Black","https://m.media-amazon.com/images/I/51ZdszI4K+L._AC_UL320_.jpg","https://amazon.com/YOHKOH-Shelving-Storage-Adjustable-Bathroom/dp/B081XZR5FY/ref=sr_1_40?crid=36QNR0DBY6M7J&keywords=shelves&qid=1699938262&refresh=1&sprefix=s%2Caps%2C309&sr=8-40","$37.99$43.99","5,653","4.6 out of 5 stars"
"Furologee 4 Tier Bookshelf with Drawer, Tall Bookcase with Shelves, Narrow Book Shelf Storage Organizer, Wood and Metal Display Standing Shelf Unit for Bedroom, Living Room, Rustic Brown","https://m.media-amazon.com/images/I/71LZ9PoCYJL._AC_UL320_.jpg","https://amazon.com/Furologee-Bookshelf-Bookcase-Organizer-Standing/dp/B0CB3B7BZR/ref=sr_1_41?crid=36QNR0DBY6M7J&keywords=shelves&qid=1699938262&refresh=1&sprefix=s%2Caps%2C309&sr=8-41","$47.59$59.99","95","4.3 out of 5 stars"
"Fixwal 15.8in Floating Shelves, Rustic Wood Finish Wall Shelves Set of 4, Shelves for Wall Decor, with Invisible Brackets for Bathroom, Living Room,Bedroom and Kitchen(White)","https://m.media-amazon.com/images/I/61M-P206i4L._AC_UL320_.jpg","https://amazon.com/Fixwal-Floating-Invisible-Brackets-Bathroom/dp/B0C7KLVYV9/ref=sr_1_42?crid=36QNR0DBY6M7J&keywords=shelves&qid=1699938262&refresh=1&sprefix=s%2Caps%2C309&sr=8-42","$28.99","84","4.5 out of 5 stars"
"HCHQHS Bookshelf Adjustable 5 Tier Open Bookcase,Rustic Farmhouse Book Shelves, Industrial Wood and Black Metal Bookshelves,Mid Century Bookcase for Home Office Living Room Bedroom (Rustic, 5 Tier)","https://m.media-amazon.com/images/I/61mCitnT1ZL._AC_UL320_.jpg","https://amazon.com/HCHQHS-Bookshelf-Adjustable-Industrial-Bookshelves/dp/B0BKG3GW86/ref=sr_1_43?crid=36QNR0DBY6M7J&keywords=shelves&qid=1699938262&refresh=1&sprefix=s%2Caps%2C309&sr=8-43","$99.00$129.99","44","4.6 out of 5 stars"
"SONGMICS 3-Tier Metal Storage Rack with Wheels, Mesh Shelving Unit with X Side Frames, 23.6-Inch Width, for Entryway, Kitchen, Living Room, Bathroom, Industrial Style, Black UBSC163B01","https://m.media-amazon.com/images/I/81bGK1-Pp3L._AC_UL320_.jpg","https://amazon.com/SONGMICS-Shelving-Entryway-Industrial-UBSC163B01/dp/B09XXF13BR/ref=sr_1_44?crid=36QNR0DBY6M7J&keywords=shelves&qid=1699938262&refresh=1&sprefix=s%2Caps%2C309&sr=8-44","$38.99","409","4.6 out of 5 stars"
"HCHQHS Bookshelf, 3-Tier Industrial Bookcase, Rustic Open Book Shelf, Wood and Metal Horizontal Bookshelves","https://m.media-amazon.com/images/I/81Rb1axv9eL._AC_UL320_.jpg","https://amazon.com/Bookshelf-Bookcase-Industrial-Bookshelves-Horizontal/dp/B09VG9XLWL/ref=sr_1_45?crid=36QNR0DBY6M7J&keywords=shelves&qid=1699938262&refresh=1&sprefix=s%2Caps%2C309&sr=8-45","$99.00$129.00","327","4.7 out of 5 stars"
"Long Wall Shelves, 31.5 Inch Large Floating Shelves for Home Decor Set of 2, Wide Wall Mounted Shelves with Brackets for Bedroom, Kitchen, Bathroom and Plants, Rustic Brown, UWS01FG01","https://m.media-amazon.com/images/I/71wXjiGN2IL._AC_UL320_.jpg","https://amazon.com/MUXX-STIL-Shelves-Floating-Brackets-Bathroom/dp/B0BNMBVYRD/ref=sr_1_46?crid=36QNR0DBY6M7J&keywords=shelves&qid=1699938262&refresh=1&sprefix=s%2Caps%2C309&sr=8-46","$39.99$42.99","150","4.8 out of 5 stars"
"Floating Shelves, 24 Inches Easy to Install Wall Mounted Shelves, Wall Shelves Set of 3, Rustic Wood Shelves for Wall Décor, Storage Shelves for Living Room (Brown)","https://m.media-amazon.com/images/I/81kJpv1suhL._AC_UL320_.jpg","https://amazon.com/EALLRINEC-Floating-Shelves-Install-Mounted/dp/B0BVDDKYHL/ref=sr_1_47?crid=36QNR0DBY6M7J&keywords=shelves&qid=1699938262&refresh=1&sprefix=s%2Caps%2C309&sr=8-47","$36.99$12.33$38.99","303","4.5 out of 5 stars"
"SINGAYE 5 Tier Shelf Wire Shelving Adjustable Storage Shelves Storage Rack,Standing Storage Shelf Units for Kitchen Closet Laundry Bathroom Pantry,Narrow Mesh Gaps,16”W x 10”D x 55”H,Black","https://m.media-amazon.com/images/I/61Ruwp5LW+L._AC_UL320_.jpg","https://amazon.com/SINGAYE-Shelving-Adjustable-Standing-Bathroom/dp/B0CD3X2976/ref=sr_1_48?crid=36QNR0DBY6M7J&keywords=shelves&qid=1699938262&refresh=1&sprefix=s%2Caps%2C309&sr=8-48","$35.99","8","4.0 out of 5 stars"